<?xml version="1.0" encoding="UTF-8"?>
<!DOCTYPE mapper PUBLIC "-//mybatis.org//DTD Mapper 3.0//EN" "http://mybatis.org/dtd/mybatis-3-mapper.dtd">
<mapper namespace="co.sy.prj.board.service.BoardMapper"> <!--  BoardMapper가 있는 위치. Mapper Interface를 연결. -->
	<select id="boardSelectList" resultType="co.sy.prj.board.service.BoardVO">
		SELECT * 
		FROM board
	</select>
	
	<select id="boardSelect" 
		parameterType="co.sy.prj.board.service.BoardVO"
		resultType="co.sy.prj.board.service.BoardVO">
		select * from board where bid = #{bId}
		<!-- #뒤에 변수명은 해당 객체가 가지고 있는 필드명 그대로 적어줘야 한다. -->
	</select>

	<insert id="boardInsert" parameterType="co.sy.prj.board.service.BoardVO">
		insert into board
		values(b_squ.nextval, #{bWriter}, sysdate, #{bTitle}, #{bContents}, 0)
	</insert>
	
	<update id="boardUpdate" parameterType="co.sy.prj.board.service.BoardVO">
		update board set bcontents = #{bContents} where bid = #{bId}
	</update>
	
	<update id="boardHitUpdate" parameterType="Int">
		UPDATE board 
		SET bhit = bhit + 1
		WHERE bid = #{bid}
	</update>
	
	<delete id="boardDelete" parameterType="co.sy.prj.board.service.BoardVO">
		delete from board where bid = #{bId}
	</delete>
	
</mapper>