<?xml version="1.0" encoding="UTF-8"?>
<!DOCTYPE mapper PUBLIC "-//mybatis.org//DTD Mapper 3.0//EN" "http://mybatis.org/dtd/mybatis-3-mapper.dtd">
<mapper namespace="co.sy.prj.member.service.MemberMapper">
	<select id="memberSelectList"
			resultType="co.sy.prj.member.service.MemberVO">
		SELECT * 
		FROM member
	</select>
	
	<select id="memberSelect"
			parameterType="co.sy.prj.member.service.MemberVO"
			resultType="co.sy.prj.member.service.MemberVO">
		SELECT * 
		FROM member where id = #{Id}
		<!-- select * from A where B = #{C} 에서
		     A = Table명과 일치. B = Column명과 일치. C = MemberVO에 있는 필드명과 일치. -->
	</select>
	
	<select id="loginCheck"
			resultType="co.sy.prj.member.service.MemberVO">
		SELECT name, author
		FROM member
		WHERE id = #{Id} AND password = #{Password}
	</select>
	
	<insert id="memberInsert" 
			parameterType="co.sy.prj.member.service.MemberVO">
		INSERT INTO member(id, name, password, tel, address)
		VALUES(#{Id}, #{Name}, #{Password}, #{Tel}, #{Address})
	</insert>
	
	<update id="memberUpdate"
			parameterType="co.sy.prj.member.service.MemberVO">
		UPDATE member 
		SET name = #{Name}, password = #{Password}, tel = #{Tel}, 
		           address = #{Address}, author = #{Author}
        WHERE id = #{Id}
	</update>
	
	<delete id="memberDelete"
			parameterType="co.sy.prj.member.service.MemberVO">
		DELETE FROM member
		WHERE id = #{Id}
	</delete>
</mapper>